<refentry id="package.default.default.humanhttphelper.formatrequest">
 <refnamediv>
  <refname>
   <function>HumanHTTPHelper::formatRequest</function>
  </refname>
  <refpurpose>formatRequest</refpurpose>
 </refnamediv>
 <refsynopsisdiv>
  <funcsynopsis>
   <funcsynopsisinfo>require_once &apos;/human_gateway_client_api/util/HumanHTTPHelper.php&apos;;</funcsynopsisinfo>
   <funcprototype>
    <funcdef>
     void
     <function>HumanHTTPHelper::formatRequest</function>
    </funcdef>
    <paramdef>
     <parameter>$host</parameter>
    </paramdef>
    <paramdef>
     <parameter>$uri</parameter>
    </paramdef>
    <paramdef>
     <parameter>$contentType</parameter>
    </paramdef>
    <paramdef>
     <parameter>
      <optional>$params = array()</optional>
     </parameter>
    </paramdef>
    <paramdef>
     <parameter>
      <optional>$method = self::METHOD_POST</optional>
     </parameter>
    </paramdef>
    <paramdef>
     <parameter>
      <optional>$charset = self::CHARSET_ISO_8859_1</optional>
     </parameter>
    </paramdef>
   </funcprototype>
  </funcsynopsis>
 </refsynopsisdiv>
 <refsect1 id="package.default.default.humanhttphelper.formatrequest.desc">
  &title.desc;
  &notdocumented;
</refsect1>
 <refsect1 id="package.default.default.humanhttphelper.formatrequest.param">
  &title.param;
  <para>
   <variablelist>
    <varlistentry>
     <term>
      <type />
      <parameter>$host</parameter>
     </term>
     <listitem>
      <para />
     </listitem>
    </varlistentry>
   </variablelist>
   <variablelist>
    <varlistentry>
     <term>
      <type />
      <parameter>$uri</parameter>
     </term>
     <listitem>
      <para />
     </listitem>
    </varlistentry>
   </variablelist>
   <variablelist>
    <varlistentry>
     <term>
      <type />
      <parameter>$contentType</parameter>
     </term>
     <listitem>
      <para />
     </listitem>
    </varlistentry>
   </variablelist>
   <variablelist>
    <varlistentry>
     <term>
      <type />
      <parameter>$params</parameter>
     </term>
     <listitem>
      <para />
     </listitem>
    </varlistentry>
   </variablelist>
   <variablelist>
    <varlistentry>
     <term>
      <type />
      <parameter>$method</parameter>
     </term>
     <listitem>
      <para />
     </listitem>
    </varlistentry>
   </variablelist>
   <variablelist>
    <varlistentry>
     <term>
      <type />
      <parameter>$charset</parameter>
     </term>
     <listitem>
      <para />
     </listitem>
    </varlistentry>
   </variablelist>
  </para>
 </refsect1>
 <refsect1 id="package.default.default.humanhttphelper.formatrequest.throws">
  &title.throws;
  <para>
   <emphasis>throws</emphasis>
   no exceptions thrown
  </para>
 </refsect1>
 <refsect1 id="package.default.default.humanhttphelper.formatrequest.note">
  &title.note;
  &note.notstatic;
</refsect1>
</refentry>
