<refentry id="package.default.default.constants">
 <refnamediv>
  <refname>Package default Constants</refname>
  <refpurpose>Constants defined in and used by default</refpurpose>
 </refnamediv>
 <refsect1 id="package.default.default.constants.details">
  <title>All Constants</title>
  <refsect2 id="package.default.default.constants.details.human-gateway-client-apihumanclientmain---php">
   <title>Constants defined in human_gateway_client_apiHumanClientMain.php</title>
   <para>
    <table>
     <title>Constants defined in human_gateway_client_apiHumanClientMain.php</title>
     <tgroup cols="3">
      <thead>
       <row>
        <entry>Name</entry>
        <entry>Value</entry>
        <entry>Line Number</entry>
       </row>
      </thead>
      <tbody>
       <row>
        <entry>HUMAN_ROOT</entry>
        <entry>dirname(__FILE__)</entry>
        <entry>4</entry>
       </row>
      </tbody>
     </tgroup>
    </table>
   </para>
  </refsect2>
 </refsect1>
</refentry>
