<refentry id="package.default.default.ihumanbaseservice.send">
 <refnamediv>
  <refname>
   <function>IHumanBaseService::send</function>
  </refname>
  <refpurpose>send</refpurpose>
 </refnamediv>
 <refsynopsisdiv>
  <funcsynopsis>
   <funcsynopsisinfo>require_once &apos;/human_gateway_client_api/service/Interface/IHumanBaseService.php&apos;;</funcsynopsisinfo>
   <funcprototype>
    <funcdef>
     void
     <function>IHumanBaseService::send</function>
    </funcdef>
    <paramdef>
     <parameter>
      <optional>$params = array()</optional>
     </parameter>
    </paramdef>
    <paramdef>
     <parameter>
      <optional>$contentType = self::CONTENT_TYPE_APP_FORM_URLENCODED</optional>
     </parameter>
    </paramdef>
   </funcprototype>
  </funcsynopsis>
 </refsynopsisdiv>
 <refsect1 id="package.default.default.ihumanbaseservice.send.desc">
  &title.desc;
  &notdocumented;
</refsect1>
 <refsect1 id="package.default.default.ihumanbaseservice.send.param">
  &title.param;
  <para>
   <variablelist>
    <varlistentry>
     <term>
      <type />
      <parameter>$params</parameter>
     </term>
     <listitem>
      <para />
     </listitem>
    </varlistentry>
   </variablelist>
   <variablelist>
    <varlistentry>
     <term>
      <type />
      <parameter>$contentType</parameter>
     </term>
     <listitem>
      <para />
     </listitem>
    </varlistentry>
   </variablelist>
  </para>
 </refsect1>
 <refsect1 id="package.default.default.ihumanbaseservice.send.throws">
  &title.throws;
  <para>
   <emphasis>throws</emphasis>
   no exceptions thrown
  </para>
 </refsect1>
 <refsect1 id="package.default.default.ihumanbaseservice.send.note">
  &title.note;
  &note.notstatic;
</refsect1>
</refentry>
