<refentry id="package.default.default.humanbaseservice.gethost">
 <refnamediv>
  <refname>
   <function>HumanBaseService::getHost</function>
  </refname>
  <refpurpose>getHost</refpurpose>
 </refnamediv>
 <refsynopsisdiv>
  <funcsynopsis>
   <funcsynopsisinfo>require_once &apos;/human_gateway_client_api/service/base/HumanBaseService.php&apos;;</funcsynopsisinfo>
   <funcprototype>
    <funcdef>
     void
     <function>HumanBaseService::getHost</function>
    </funcdef>
    <paramdef />
   </funcprototype>
  </funcsynopsis>
 </refsynopsisdiv>
 <refsect1 id="package.default.default.humanbaseservice.gethost.desc">
  &title.desc;
  &notdocumented;
</refsect1>
 <refsect1 id="package.default.default.humanbaseservice.gethost.throws">
  &title.throws;
  <para>
   <emphasis>throws</emphasis>
   no exceptions thrown
  </para>
 </refsect1>
 <refsect1 id="package.default.default.humanbaseservice.gethost.note">
  &title.note;
  &note.notstatic;
</refsect1>
</refentry>
